"";"X.phase_Après";"X.phase_Début";"X.phase_Pic"
"every";-0,4215;0,5016;-0,239
"force";-1,1572;0,8311;0,2302
"even";-0,8045;-0,9828;2,0183
"china";0,6826;-1,0392;0,566
"military";-1,2537;-0,24;1,0257
"would";0,5777;-1,1955;0,7428
"tell";-0,4215;0,2533;0,3735
"me";-0,6267;-0,4456;1,0257
"i_m";-1,2537;-0,4456;1,5131
"want";-0,2502;0,2665;0,2302
"how";0,7513;0,4938;-1,1863
"answer";-1,0606;1,0803;-0,309
"classify";-0,8457;0,4908;0,3655
"over";0,6061;-0,2772;-0,4615
"before";-0,2502;-0,3386;0,4558
"then";-0,6984;-0,3256;0,863
"them";-0,381;-0,2971;0,5007
"they";0,3105;-0,3245;0,2926
"mean";0,2673;-0,611;0,587
"do";0,2464;0,4954;-0,5068
"we";-0,2934;-0,2792;0,3314
"were";1,1831;-0,2288;-1,0601
"news";0,4214;-1,3268;0,949
"com";-0,6198;-0,388;0,8792
"been";0,3061;-1,1207;1,0249
"has";-0,411;-0,6258;0,974
"air";-0,5565;0,2665;0,4558
"is";-0,9837;0,4819;0,5145
"it";0,6669;-0,6431;0,322
"in";-0,6671;1,0257;-0,5696
"if";-0,7885;0,3785;0,4984
"make";-1,3115;-0,46;1,5552
"satellite";0,4226;-0,3516;-0,2479
"the";0,871;-0,5798;-0,3786
"just";-0,4835;0,374;0,3208
"had";0,5538;-0,5029;0,2479
"www";-0,5565;-0,6067;1,2216
"for";-1,0672;-0,3004;0,9906
"post";-0,6984;1,7439;-0,9418
"montana";-0,4491;1,6218;-1,1835
"down";-0,3531;-0,3544;0,5086
"was";3,0855;-1,1648;-0,9189
"war";-0,6984;-1,3604;2,4686
"it_s";-3,2628;0,6731;1,1692
"delete";0,6035;0,3721;-0,8258
"no";0,7698;-0,5571;-0,2886
"time";-0,4491;0,2878;0,3655
"shoot";-0,5166;0,3496;0,3607
"did";0,4214;-0,8243;0,564
"my";-0,381;-0,7275;1,089
"https";0,9295;-0,9018;0,3175
"doesn_t";-0,8457;0,7726;-0,2449
"fly";-0,3376;-0,388;0,587
"can";0,2749;0,2709;-0,2905
"information";1,099;-0,3147;-0,7464
"so";-0,6577;-2,1535;3,3014
"into";-0,8457;1,1451;-0,4447
"not";-0,5207;-0,3561;0,6476
"now";-0,2069;-0,4745;0,564
"space";0,2068;-0,6629;0,699
"org";0,9252;-0,6629;-0,239
"thing";0,8067;-1,1207;0,4895
"think";-0,257;-0,2323;0,3014
"one";-0,257;0,6164;-0,5224
"that";0,3771;0,2778;-0,361
"than";1,4385;-0,4039;-0,8475
"and";-0,3833;0,7817;-0,6394
"say";0,4964;-0,3547;-0,239
"any";0,6237;0,6164;-1,3086
"take";-0,3326;1,3437;-1,1743
"track";-0,4215;-1,1241;1,7575
"only";0,4214;-0,4745;0,2932
"get";0,4588;-0,4227;0,2401
"that_s";-0,396;0,3775;0,2401
"where";-0,6267;1,0147;-0,4684
"those";-0,2201;1,6218;-1,8108
"s";2,6618;-0,6258;-1,3874
"surveillance";-0,4215;2,1608;-1,721
"document";-0,3449;0,2778;0,2977
"being";-1,2537;0,6404;0,3685
"around";0,3586;0,8311;-1,2302
"on";1,0951;0,3646;-1,2212
"of";2,4095;-0,9692;-0,7649
"or";-0,7321;0,5878;0,2724
"your";-0,4491;1,1451;-0,7464
"lol";-1,0606;-0,2444;0,949
"with";-0,2945;1,321;-1,297
"as";-0,9626;-0,6687;1,6547
"at";-2,2459;1,6918;-0,3212
"you";-1,4213;1,7801;-0,6088
"all";-0,2954;-0,8687;1,0665
"chinese";-0,3215;0,2654;0,3208
"to";-1,0101;-0,8011;1,8629
"very";-0,6984;0,7977;-0,3044
"what";1,0624;-0,3905;-0,6334
"more";-0,371;-1,8467;2,3496
"a";0,5145;0,6366;-1,0048
"they_re";-0,4215;0,5016;-0,239
"its";-0,2962;0,2968;0,2479
"good";1,3081;-0,4745;-0,6057
"someone";0,2068;0,5016;-0,5028
"really";-0,488;0,3662;0,2932
"reason";-0,2502;-0,6067;0,7829
"base";-1,4469;3,6216;-1,6632
"launch";-1,0606;1,0803;-0,309
"american";-0,4215;-0,6629;1,1549
"believe";0,3058;-0,4456;0,3685
"i";-0,2922;0,3318;-0,2894
"also";-0,2962;0,49;-0,3616
"silo";-0,68;3,2318;-2,4139
"remove";-1,0606;2,4475;-1,0901
"intelligence";5,525;-1,7505;-1,8108
"are";-0,4446;1,217;-0,9337
"aircraft";-0,9641;0,5016;0,3735
"secret";0,2673;0,3877;-0,4271
"person";0,3059;-0,5029;0,4332
"world";0,7998;-0,4745;-0,309
"gt";1,7593;-1,0629;-0,3719
"some";0,4006;-0,5305;0,3655
"be";-1,1971;0,8576;0,2869
"by";0,5258;-0,3256;-0,3044
"question";0,2068;0,5016;-0,5028
"up";0,3058;-0,7497;0,6471
"us";-0,384;-0,2937;0,4546
"don_t";-2,6076;1,8735;-0,341
"go";-0,7714;0,9664;-0,3719
"didn_t";1,2261;-0,6929;-0,3719
"got";0,6938;0,4959;-1,2302
"airspace";-1,6402;0,6164;0,5153
"spy";2,5673;-2,8114;0,4842
"from";0,8079;-0,3544;-0,5198
"missile";-0,8457;2,9702;-1,8108
"this";-0,6262;-0,3455;0,7347
"when";-0,396;0,3775;0,2401
"high";0,9864;-0,2323;-0,8475
"can_t";-0,9641;2,1608;-0,9525
"our";-0,5222;0,8574;-0,4775
"out";-0,5222;0,397;0,3072
"cause";0,4964;-0,3547;-0,239
"could";0,5508;-0,7276;0,417
"there";0,6284;0,3028;-0,6516
"their";0,9749;-1,414;0,5528
"see";0,3586;-0,9952;0,7829
"other";-0,5726;0,3196;0,4211
"have";0,9546;0,3521;-1,0539
"need";-0,2963;0,6404;-0,4684
"which";0,2068;0,2533;-0,239
"who";-0,2069;0,6594;-0,6057
"said";1,3081;0,3662;-1,8933
"but";-0,9834;0,374;0,6118
"why";0,4838;-1,1398;0,806
"probably";-0,488;-0,4745;0,949
"stuff";-0,2069;1,0803;-1,0901
"national";-0,4215;-0,3547;0,699
"reddit";-0,2502;0,8311;-0,7136
"state";0,9864;-0,4039;-0,5224
"an";-0,4491;-0,8309;1,3557
"country";1,7593;-0,6929;-0,6492
"balloon";1,916;-0,7485;-0,7323
"well";-0,2963;-0,4456;0,6471
"government";0,7028;-0,5305;-0,2449
"know";-1,2732;-0,2532;1,0281
"like";-0,296;-1,1207;1,3843
"because";2,2823;-1,0553;-0,6169
"home";-1,2537;3,0298;-1,3727
"does";0,2612;-0,3256;0,2977
"about";-1,2732;1,4649;-0,4791
"weather";0,4214;-0,2444;-0,309
"official";-0,9641;1,4133;-0,5028
"u";8,7444;-2,956;-2,321
