"";"V1";"V2";"V3";"V4";"V5";"V6";"V7";"V8";"V9";"V10";"V11";"V12";"V13";"V14"
"1";0;0;0;0;0;0;0;0;0;0;0;0;2;2
"2";0;0;0;0;0;0;0;0;0;0;0;0;0;0
"3";0;0;0;0;4;4;4;4;4;4;4;4;4;4
"4";0;0;0;0;0;0;0;0;0;0;0;0;0;0
"5";0;0;0;0;0;0;0;0;0;3;3;3;3;3
"6";0;0;0;0;0;0;0;0;0;0;0;0;0;1
"7";0;0;0;0;0;0;0;0;0;0;0;0;0;1
"8";0;0;0;5;5;5;5;5;5;5;5;5;5;5
"9";0;0;0;0;0;0;0;0;0;0;0;0;0;1
"10";0;0;0;0;0;0;0;0;0;0;0;0;0;0
"11";0;0;0;0;0;0;0;0;0;0;0;0;0;0
"12";0;0;0;0;0;0;0;0;0;0;0;0;0;0
"13";0;0;0;0;0;0;0;0;0;0;0;0;0;1
"14";0;0;0;0;0;0;0;0;0;0;0;0;0;1
"15";0;0;0;0;0;0;0;0;0;0;0;0;0;0
"16";0;0;0;0;0;0;0;0;0;0;0;0;0;0
"17";0;0;0;0;0;0;0;0;0;0;0;0;0;0
"18";0;0;0;5;5;5;5;5;5;5;5;5;5;5
"19";0;0;0;0;0;0;0;0;0;0;0;0;0;0
"20";0;0;0;0;0;0;0;0;0;0;0;0;0;0
"21";0;0;0;0;0;0;0;0;0;0;0;0;0;1
"22";0;0;0;0;0;0;0;0;0;0;0;0;0;1
"23";0;0;0;0;0;0;0;0;0;0;0;0;0;0
"24";0;0;0;0;0;0;0;0;0;0;0;0;0;0
"25";0;0;0;5;5;5;5;5;5;5;5;5;5;5
"26";0;0;0;0;0;0;0;0;0;0;0;0;2;2
"27";0;0;0;0;0;0;0;0;0;0;0;0;0;0
"28";0;0;0;0;0;0;0;0;0;0;0;0;0;0
"29";0;0;0;5;5;5;5;5;5;5;5;5;5;5
"30";0;0;0;5;5;5;5;5;5;5;5;5;5;5
"31";0;0;0;0;0;0;0;0;0;0;0;0;0;1
"32";0;0;0;5;5;5;5;5;5;5;5;5;5;5
"33";0;0;0;0;0;0;0;0;0;0;0;0;2;2
"34";0;0;0;0;0;0;0;0;0;3;3;3;3;3
"35";0;0;0;0;0;0;0;0;0;0;0;0;2;2
"36";0;0;0;5;5;5;5;5;5;5;5;5;5;5
"37";0;0;0;5;5;5;5;5;5;5;5;5;5;5
"38";0;0;0;0;0;0;0;0;0;0;0;0;0;0
"39";0;0;0;0;4;4;4;4;4;4;4;4;4;4
"40";0;0;0;0;0;0;0;0;0;0;0;0;0;1
"41";0;0;0;0;0;0;0;0;0;0;0;0;0;0
"42";0;0;0;0;0;0;0;0;0;0;0;0;0;0
"43";0;0;0;5;5;5;5;5;5;5;5;5;5;5
"44";0;0;0;0;0;0;0;0;0;0;0;0;0;0
"45";0;0;0;5;5;5;5;5;5;5;5;5;5;5
"46";0;0;0;5;5;5;5;5;5;5;5;5;5;5
"47";0;0;0;0;0;0;0;0;0;0;0;0;0;0
"48";0;0;0;5;5;5;5;5;5;5;5;5;5;5
"49";0;0;0;5;5;5;5;5;5;5;5;5;5;5
"50";0;0;0;0;0;0;0;0;0;0;0;0;0;0
"51";0;0;0;0;0;0;0;0;0;0;0;0;0;1
"52";0;0;0;0;0;0;0;0;0;0;0;0;0;0
"53";0;0;0;0;0;0;0;0;0;0;0;0;0;0
"54";0;0;0;0;0;0;0;0;0;3;3;3;3;3
"55";0;0;0;0;0;0;0;0;0;3;3;3;3;3
"56";0;0;0;0;0;0;0;0;0;0;0;0;0;1
"57";0;0;0;0;0;0;0;0;0;0;0;0;0;0
"58";0;0;0;0;0;0;0;0;0;0;0;0;0;0
"59";0;0;0;0;0;0;0;0;0;0;0;0;0;0
"60";0;0;0;5;5;5;5;5;5;5;5;5;5;5
"61";0;0;0;0;4;4;4;4;4;4;4;4;4;4
"62";0;0;0;0;0;0;0;0;0;0;0;0;2;2
"63";0;0;0;0;0;0;0;0;0;0;0;0;0;1
"64";0;0;0;0;0;0;0;0;0;0;0;0;2;2
"65";0;0;0;0;0;0;0;0;0;0;0;0;2;2
"66";0;0;0;0;0;0;0;0;0;0;0;0;2;2
"67";0;0;0;0;0;0;0;0;0;0;0;0;2;2
"68";0;0;0;0;0;0;0;0;0;3;3;3;3;3
"69";0;0;0;0;0;0;0;0;0;3;3;3;3;3
"70";0;0;0;5;5;5;5;5;5;5;5;5;5;5
"71";0;0;0;5;5;5;5;5;5;5;5;5;5;5
"72";0;0;0;0;0;0;0;0;0;0;0;0;0;1
"73";0;0;0;0;4;4;4;4;4;4;4;4;4;4
"74";0;0;0;0;0;0;0;0;0;0;0;0;0;0
"75";0;0;0;0;0;0;0;0;0;0;0;0;0;0
"76";0;0;0;5;5;5;5;5;5;5;5;5;5;5
"77";0;0;0;0;0;0;0;0;0;0;0;0;2;2
"78";0;0;0;5;5;5;5;5;5;5;5;5;5;5
"79";0;0;0;0;0;0;0;0;0;0;0;0;2;2
"80";0;0;0;0;0;0;0;0;0;0;0;0;0;0
"81";0;0;0;0;0;0;0;0;0;0;0;0;0;0
"82";0;0;0;0;0;0;0;0;0;0;0;0;0;0
"83";0;0;0;0;0;0;0;0;0;0;0;0;2;2
"84";0;0;0;5;5;5;5;5;5;5;5;5;5;5
"85";0;0;0;0;0;0;0;0;0;0;0;0;0;0
"86";0;0;0;0;0;0;0;0;0;0;0;0;0;1
"87";0;0;0;0;0;0;0;0;0;0;0;0;0;1
"88";0;0;0;0;0;0;0;0;0;0;0;0;2;2
"89";0;0;0;0;0;0;0;0;0;0;0;0;0;1
"90";0;0;0;0;0;0;0;0;0;0;0;0;0;0
"91";0;0;0;0;0;0;0;0;0;0;0;0;0;1
"92";0;0;0;0;0;0;0;0;0;0;0;0;2;2
"93";0;0;0;0;0;0;0;0;0;0;0;0;0;0
"94";0;0;0;0;0;0;0;0;0;0;0;0;0;0
"95";0;0;0;0;0;0;0;0;0;0;0;0;0;0
"96";0;0;0;0;0;0;0;0;0;0;0;0;0;0
"97";0;0;0;0;4;4;4;4;4;4;4;4;4;4
"98";0;0;0;0;0;0;0;0;0;0;0;0;0;0
"99";0;0;0;0;0;0;0;0;0;0;0;0;0;1
"100";0;0;0;0;0;0;0;0;0;0;0;0;2;2
"101";0;0;0;0;0;0;0;0;0;3;3;3;3;3
"102";0;0;0;0;0;0;0;0;0;0;0;0;0;1
"103";0;0;0;5;5;5;5;5;5;5;5;5;5;5
"104";0;0;0;5;5;5;5;5;5;5;5;5;5;5
"105";0;0;0;5;5;5;5;5;5;5;5;5;5;5
"106";0;0;0;0;0;0;0;0;0;0;0;0;0;0
"107";0;0;0;0;0;0;0;0;0;0;0;0;0;0
"108";0;0;0;0;0;0;0;0;0;0;0;0;2;2
"109";0;0;0;5;5;5;5;5;5;5;5;5;5;5
"110";0;0;0;0;4;4;4;4;4;4;4;4;4;4
"111";0;0;0;0;0;0;0;0;0;0;0;0;0;0
"112";0;0;0;0;0;0;0;0;0;3;3;3;3;3
"113";0;0;0;0;4;4;4;4;4;4;4;4;4;4
"114";0;0;0;0;4;4;4;4;4;4;4;4;4;4
"115";0;0;0;0;4;4;4;4;4;4;4;4;4;4
"116";0;0;0;5;5;5;5;5;5;5;5;5;5;5
"117";0;0;0;0;4;4;4;4;4;4;4;4;4;4
"118";0;0;0;0;4;4;4;4;4;4;4;4;4;4
"119";0;0;0;0;0;0;0;0;0;3;3;3;3;3
"120";0;0;0;0;0;0;0;0;0;0;0;0;0;0
"121";0;0;0;0;0;0;0;0;0;0;0;0;0;0
"122";0;0;0;0;0;0;0;0;0;0;0;0;0;0
"123";0;0;0;0;0;0;0;0;0;0;0;0;0;0
"124";0;0;0;0;0;0;0;0;0;0;0;0;0;1
"125";0;0;0;0;4;4;4;4;4;4;4;4;4;4
"126";0;0;0;5;5;5;5;5;5;5;5;5;5;5
"127";0;0;0;0;4;4;4;4;4;4;4;4;4;4
"128";0;0;0;0;0;0;0;0;0;0;0;0;0;1
"129";0;0;0;0;0;0;0;0;0;0;0;0;0;0
"130";0;0;0;0;0;0;0;0;0;0;0;0;0;0
"131";0;0;0;0;0;0;0;0;0;0;0;0;0;0
"132";0;0;0;0;4;4;4;4;4;4;4;4;4;4
"133";0;0;0;0;0;0;0;0;0;0;0;0;2;2
"134";0;0;0;0;0;0;0;0;0;0;0;0;2;2
"135";0;0;0;0;0;0;0;0;0;0;0;0;0;1
"136";0;0;0;0;0;0;0;0;0;0;0;0;2;2
"137";0;0;0;0;0;0;0;0;0;0;0;0;0;1
"138";0;0;0;0;0;0;0;0;0;3;3;3;3;3
"139";0;0;0;0;0;0;0;0;0;0;0;0;0;1
"140";0;0;0;0;0;0;0;0;0;0;0;0;0;0
"141";0;0;0;0;0;0;0;0;0;3;3;3;3;3
"142";0;0;0;0;0;0;0;0;0;0;0;0;0;0
"143";0;0;0;0;0;0;0;0;0;0;0;0;0;0
"144";0;0;0;0;4;4;4;4;4;4;4;4;4;4
"145";0;0;0;0;0;0;0;0;0;0;0;0;0;1
"146";0;0;0;0;0;0;0;0;0;0;0;0;0;0
"147";0;0;0;0;0;0;0;0;0;0;0;0;0;0
"148";0;0;0;0;0;0;0;0;0;0;0;0;0;0
"149";0;0;0;0;0;0;0;0;0;0;0;0;0;0
"150";0;0;0;0;0;0;0;0;0;0;0;0;0;0
"151";0;0;0;0;4;4;4;4;4;4;4;4;4;4
"152";0;0;0;0;0;0;0;0;0;3;3;3;3;3
"153";0;0;0;0;0;0;0;0;0;0;0;0;0;0
"154";0;0;0;0;0;0;0;0;0;0;0;0;0;0
"155";0;0;0;5;5;5;5;5;5;5;5;5;5;5
"156";0;0;0;0;0;0;0;0;0;0;0;0;0;0
"157";0;0;0;0;0;0;0;0;0;0;0;0;0;0
"158";0;0;0;0;4;4;4;4;4;4;4;4;4;4
"159";0;0;0;0;0;0;0;0;0;0;0;0;0;0
"160";0;0;0;0;0;0;0;0;0;0;0;0;2;2
"161";0;0;0;0;0;0;0;0;0;0;0;0;0;0
"162";0;0;0;0;0;0;0;0;0;0;0;0;0;1
"163";0;0;0;0;0;0;0;0;0;0;0;0;2;2
"164";0;0;0;0;0;0;0;0;0;3;3;3;3;3
"165";0;0;0;5;5;5;5;5;5;5;5;5;5;5
"166";0;0;0;0;0;0;0;0;0;0;0;0;0;0
"167";0;0;0;5;5;5;5;5;5;5;5;5;5;5
"168";0;0;0;0;0;0;0;0;0;0;0;0;2;2
"169";0;0;0;0;0;0;0;0;0;3;3;3;3;3
"170";0;0;0;0;0;0;0;0;0;0;0;0;0;0
"171";0;0;0;0;0;0;0;0;0;3;3;3;3;3
"172";0;0;0;0;4;4;4;4;4;4;4;4;4;4
"173";0;0;0;0;0;0;0;0;0;0;0;0;2;2
"174";0;0;0;0;0;0;0;0;0;0;0;0;0;0
"175";0;0;0;0;0;0;0;0;0;0;0;0;0;0
"176";0;0;0;0;0;0;0;0;0;0;0;0;0;1
"177";0;0;0;0;0;0;0;0;0;0;0;0;0;0
"178";0;0;0;0;0;0;0;0;0;0;0;0;2;2
"179";0;0;0;0;4;4;4;4;4;4;4;4;4;4
"180";0;0;0;0;0;0;0;0;0;0;0;0;0;0
"181";0;0;0;0;0;0;0;0;0;3;3;3;3;3
"182";0;0;0;0;0;0;0;0;0;0;0;0;0;0
"183";0;0;0;5;5;5;5;5;5;5;5;5;5;5
"184";0;0;0;0;0;0;0;0;0;0;0;0;0;0
"185";0;0;0;0;0;0;0;0;0;0;0;0;0;0
"186";0;0;0;0;0;0;0;0;0;0;0;0;0;0
"187";0;0;0;0;0;0;0;0;0;0;0;0;0;1
"188";0;0;0;0;0;0;0;0;0;3;3;3;3;3
"189";0;0;0;0;0;0;0;0;0;0;0;0;2;2
"190";0;0;0;0;0;0;0;0;0;0;0;0;0;0
"191";0;0;0;0;4;4;4;4;4;4;4;4;4;4
"192";0;0;0;0;4;4;4;4;4;4;4;4;4;4
"193";0;0;0;0;0;0;0;0;0;0;0;0;2;2
"194";0;0;0;0;0;0;0;0;0;0;0;0;0;0
"195";0;0;0;0;0;0;0;0;0;0;0;0;0;0
"196";0;0;0;5;5;5;5;5;5;5;5;5;5;5
"197";0;0;0;0;0;0;0;0;0;3;3;3;3;3
"198";0;0;0;0;0;0;0;0;0;0;0;0;0;0
"199";0;0;0;0;0;0;0;0;0;0;0;0;0;0
"200";0;0;0;0;0;0;0;0;0;0;0;0;0;1
"201";0;0;0;5;5;5;5;5;5;5;5;5;5;5
"202";0;0;0;0;0;0;0;0;0;0;0;0;0;0
"203";0;0;0;0;0;0;0;0;0;0;0;0;0;0
"204";0;0;0;0;0;0;0;0;0;0;0;0;0;0
"205";0;0;0;0;0;0;0;0;0;0;0;0;0;0
"206";0;0;0;0;0;0;0;0;0;0;0;0;0;0
"207";0;0;0;0;0;0;0;0;0;0;0;0;0;0
"208";0;0;0;0;0;0;0;0;0;0;0;0;0;0
"209";0;0;0;0;0;0;0;0;0;0;0;0;2;2
"210";0;0;0;0;0;0;0;0;0;0;0;0;2;2
"211";0;0;0;0;0;0;0;0;0;0;0;0;0;0
"212";0;0;0;0;0;0;0;0;0;0;0;0;0;0
"213";0;0;0;0;0;0;0;0;0;0;0;0;0;0
"214";0;0;0;0;0;0;0;0;0;0;0;0;0;0
"215";0;0;0;0;0;0;0;0;0;0;0;0;0;1
"216";0;0;0;0;0;0;0;0;0;0;0;0;2;2
"217";0;0;0;0;0;0;0;0;0;0;0;0;2;2
"218";0;0;0;0;0;0;0;0;0;0;0;0;2;2
"219";0;0;0;0;4;4;4;4;4;4;4;4;4;4
"220";0;0;0;5;5;5;5;5;5;5;5;5;5;5
"221";0;0;0;0;0;0;0;0;0;3;3;3;3;3
"222";0;0;0;0;0;0;0;0;0;0;0;0;2;2
"223";0;0;0;0;0;0;0;0;0;3;3;3;3;3
"224";0;0;0;0;0;0;0;0;0;3;3;3;3;3
"225";0;0;0;0;0;0;0;0;0;3;3;3;3;3
"226";0;0;0;0;4;4;4;4;4;4;4;4;4;4
"227";0;0;0;0;0;0;0;0;0;0;0;0;0;0
"228";0;0;0;0;0;0;0;0;0;0;0;0;2;2
"229";0;0;0;0;0;0;0;0;0;0;0;0;2;2
"230";0;0;0;0;0;0;0;0;0;0;0;0;2;2
"231";0;0;0;0;0;0;0;0;0;0;0;0;0;1
"232";0;0;0;0;0;0;0;0;0;0;0;0;0;1
"233";0;0;0;0;0;0;0;0;0;0;0;0;2;2
"234";0;0;0;0;0;0;0;0;0;3;3;3;3;3
"235";0;0;0;5;5;5;5;5;5;5;5;5;5;5
"236";0;0;0;0;0;0;0;0;0;0;0;0;2;2
"237";0;0;0;0;0;0;0;0;0;0;0;0;0;0
"238";0;0;0;0;0;0;0;0;0;0;0;0;0;0
"239";0;0;0;0;0;0;0;0;0;0;0;0;0;0
"240";0;0;0;5;5;5;5;5;5;5;5;5;5;5
"241";0;0;0;0;0;0;0;0;0;0;0;0;0;0
"242";0;0;0;0;4;4;4;4;4;4;4;4;4;4
"243";0;0;0;0;4;4;4;4;4;4;4;4;4;4
"244";0;0;0;0;0;0;0;0;0;0;0;0;0;0
"245";0;0;0;0;0;0;0;0;0;0;0;0;0;0
"246";0;0;0;0;0;0;0;0;0;0;0;0;0;0
"247";0;0;0;0;0;0;0;0;0;0;0;0;0;1
"248";0;0;0;0;0;0;0;0;0;0;0;0;0;1
"249";0;0;0;0;0;0;0;0;0;0;0;0;0;1
"250";0;0;0;0;0;0;0;0;0;0;0;0;0;1
"251";0;0;0;0;0;0;0;0;0;0;0;0;0;1
"252";0;0;0;0;0;0;0;0;0;0;0;0;0;1
"253";0;0;0;0;0;0;0;0;0;0;0;0;0;1
"254";0;0;0;0;0;0;0;0;0;0;0;0;0;1
"255";0;0;0;0;0;0;0;0;0;0;0;0;0;1
"256";0;0;0;0;0;0;0;0;0;3;3;3;3;3
"257";0;0;0;0;0;0;0;0;0;0;0;0;0;0
"258";0;0;0;0;0;0;0;0;0;0;0;0;2;2
"259";0;0;0;0;0;0;0;0;0;0;0;0;2;2
"260";0;0;0;5;5;5;5;5;5;5;5;5;5;5
"261";0;0;0;0;0;0;0;0;0;0;0;0;2;2
"262";0;0;0;0;0;0;0;0;0;0;0;0;0;1
"263";0;0;0;0;0;0;0;0;0;0;0;0;2;2
"264";0;0;0;0;0;0;0;0;0;0;0;0;0;0
"265";0;0;0;0;4;4;4;4;4;4;4;4;4;4
"266";0;0;0;0;4;4;4;4;4;4;4;4;4;4
"267";0;0;0;0;4;4;4;4;4;4;4;4;4;4
"268";0;0;0;0;4;4;4;4;4;4;4;4;4;4
"269";0;0;0;0;0;0;0;0;0;0;0;0;2;2
"270";0;0;0;0;4;4;4;4;4;4;4;4;4;4
"271";0;0;0;0;0;0;0;0;0;0;0;0;0;0
"272";0;0;0;0;0;0;0;0;0;0;0;0;2;2
"273";0;0;0;0;0;0;0;0;0;0;0;0;0;0
"274";0;0;0;0;0;0;0;0;0;0;0;0;2;2
"275";0;0;0;0;0;0;0;0;0;0;0;0;0;0
"276";0;0;0;0;0;0;0;0;0;3;3;3;3;3
"277";0;0;0;0;0;0;0;0;0;3;3;3;3;3
"278";0;0;0;0;0;0;0;0;0;0;0;0;2;2
"279";0;0;0;0;0;0;0;0;0;0;0;0;2;2
"280";0;0;0;0;0;0;0;0;0;0;0;0;2;2
"281";0;0;0;0;0;0;0;0;0;3;3;3;3;3
"282";0;0;0;0;0;0;0;0;0;3;3;3;3;3
"283";0;0;0;0;0;0;0;0;0;0;0;0;2;2
"284";0;0;0;0;0;0;0;0;0;3;3;3;3;3
"285";0;0;0;0;0;0;0;0;0;0;0;0;0;0
"286";0;0;0;5;5;5;5;5;5;5;5;5;5;5
"287";0;0;0;5;5;5;5;5;5;5;5;5;5;5
"288";0;0;0;0;0;0;0;0;0;0;0;0;0;1
"289";0;0;0;0;0;0;0;0;0;0;0;0;0;0
"290";0;0;0;0;0;0;0;0;0;0;0;0;0;1
"291";0;0;0;0;0;0;0;0;0;0;0;0;0;1
"292";0;0;0;0;0;0;0;0;0;0;0;0;0;1
"293";0;0;0;0;0;0;0;0;0;0;0;0;0;0
"294";0;0;0;0;0;0;0;0;0;0;0;0;0;0
"295";0;0;0;0;0;0;0;0;0;0;0;0;0;1
"296";0;0;0;0;0;0;0;0;0;0;0;0;2;2
"297";0;0;0;0;0;0;0;0;0;0;0;0;0;0
"298";0;0;0;0;0;0;0;0;0;3;3;3;3;3
"299";0;0;0;0;0;0;0;0;0;0;0;0;2;2
"300";0;0;0;0;0;0;0;0;0;0;0;0;0;0
"301";0;0;0;0;0;0;0;0;0;0;0;0;2;2
"302";0;0;0;0;0;0;0;0;0;0;0;0;0;0
"303";0;0;0;5;5;5;5;5;5;5;5;5;5;5
"304";0;0;0;0;0;0;0;0;0;0;0;0;0;1
"305";0;0;0;0;0;0;0;0;0;0;0;0;2;2
"306";0;0;0;0;0;0;0;0;0;0;0;0;2;2
"307";0;0;0;0;0;0;0;0;0;0;0;0;0;1
"308";0;0;0;0;0;0;0;0;0;3;3;3;3;3
"309";0;0;0;0;0;0;0;0;0;0;0;0;0;1
"310";0;0;0;0;0;0;0;0;0;3;3;3;3;3
"311";0;0;0;0;0;0;0;0;0;0;0;0;0;0
"312";0;0;0;0;0;0;0;0;0;0;0;0;2;2
"313";0;0;0;0;0;0;0;0;0;3;3;3;3;3
"314";0;0;0;0;0;0;0;0;0;3;3;3;3;3
"315";0;0;0;0;4;4;4;4;4;4;4;4;4;4
"316";0;0;0;0;0;0;0;0;0;0;0;0;2;2
"317";0;0;0;0;0;0;0;0;0;0;0;0;0;0
"318";0;0;0;0;0;0;0;0;0;0;0;0;2;2
"319";0;0;0;0;0;0;0;0;0;0;0;0;0;0
"320";0;0;0;0;0;0;0;0;0;0;0;0;0;0
"321";0;0;0;0;0;0;0;0;0;0;0;0;2;2
"322";0;0;0;0;0;0;0;0;0;0;0;0;0;0
"323";0;0;0;0;0;0;0;0;0;0;0;0;0;0
"324";0;0;0;0;0;0;0;0;0;0;0;0;0;0
"325";0;0;0;0;0;0;0;0;0;0;0;0;0;0
"326";0;0;0;0;0;0;0;0;0;0;0;0;0;0
"327";0;0;0;0;0;0;0;0;0;3;3;3;3;3
"328";0;0;0;0;0;0;0;0;0;0;0;0;2;2
"329";0;0;0;0;0;0;0;0;0;0;0;0;2;2
"330";0;0;0;0;0;0;0;0;0;0;0;0;2;2
"331";0;0;0;0;0;0;0;0;0;0;0;0;2;2
"332";0;0;0;0;0;0;0;0;0;0;0;0;0;0
"333";0;0;0;0;0;0;0;0;0;3;3;3;3;3
"334";0;0;0;0;0;0;0;0;0;0;0;0;2;2
"335";0;0;0;0;0;0;0;0;0;0;0;0;0;0
"336";0;0;0;0;0;0;0;0;0;0;0;0;2;2
"337";0;0;0;0;0;0;0;0;0;0;0;0;0;0
"338";0;0;0;0;4;4;4;4;4;4;4;4;4;4
"339";0;0;0;0;0;0;0;0;0;0;0;0;0;0
"340";0;0;0;0;0;0;0;0;0;0;0;0;0;0
"341";0;0;0;0;0;0;0;0;0;0;0;0;0;1
"342";0;0;0;0;0;0;0;0;0;0;0;0;0;0
"343";0;0;0;0;0;0;0;0;0;0;0;0;0;0
"344";0;0;0;5;5;5;5;5;5;5;5;5;5;5
"345";0;0;0;0;0;0;0;0;0;0;0;0;0;1
"346";0;0;0;0;0;0;0;0;0;0;0;0;0;1
"347";0;0;0;0;0;0;0;0;0;0;0;0;0;1
"348";0;0;0;0;0;0;0;0;0;0;0;0;0;0
"349";0;0;0;0;0;0;0;0;0;0;0;0;2;2
"350";0;0;0;0;0;0;0;0;0;0;0;0;2;2
"351";0;0;0;0;4;4;4;4;4;4;4;4;4;4
"352";0;0;0;0;0;0;0;0;0;0;0;0;0;1
"353";0;0;0;0;0;0;0;0;0;0;0;0;0;1
"354";0;0;0;5;5;5;5;5;5;5;5;5;5;5
"355";0;0;0;0;0;0;0;0;0;0;0;0;0;1
"356";0;0;0;0;0;0;0;0;0;0;0;0;0;0
"357";0;0;0;0;4;4;4;4;4;4;4;4;4;4
"358";0;0;0;0;0;0;0;0;0;0;0;0;0;0
"359";0;0;0;0;0;0;0;0;0;0;0;0;0;0
"360";0;0;0;0;0;0;0;0;0;0;0;0;0;0
"361";0;0;0;0;0;0;0;0;0;0;0;0;2;2
"362";0;0;0;0;4;4;4;4;4;4;4;4;4;4
"363";0;0;0;0;0;0;0;0;0;0;0;0;2;2
"364";0;0;0;0;0;0;0;0;0;0;0;0;0;0
"365";0;0;0;0;0;0;0;0;0;3;3;3;3;3
"366";0;0;0;0;0;0;0;0;0;0;0;0;0;0
"367";0;0;0;5;5;5;5;5;5;5;5;5;5;5
"368";0;0;0;0;0;0;0;0;0;0;0;0;0;1
"369";0;0;0;0;0;0;0;0;0;0;0;0;0;1
"370";0;0;0;0;0;0;0;0;0;0;0;0;0;1
"371";0;0;0;0;0;0;0;0;0;3;3;3;3;3
"372";0;0;0;0;0;0;0;0;0;0;0;0;0;1
"373";0;0;0;0;0;0;0;0;0;0;0;0;0;1
"374";0;0;0;0;0;0;0;0;0;0;0;0;0;1
"375";0;0;0;0;0;0;0;0;0;0;0;0;0;0
"376";0;0;0;0;0;0;0;0;0;0;0;0;0;0
"377";0;0;0;0;0;0;0;0;0;0;0;0;0;0
"378";0;0;0;0;0;0;0;0;0;0;0;0;0;0
"379";0;0;0;0;0;0;0;0;0;0;0;0;0;0
"380";0;0;0;0;0;0;0;0;0;0;0;0;0;0
"381";0;0;0;0;0;0;0;0;0;0;0;0;0;0
"382";0;0;0;0;0;0;0;0;0;0;0;0;0;1
"383";0;0;0;0;0;0;0;0;0;0;0;0;2;2
"384";0;0;0;0;0;0;0;0;0;3;3;3;3;3
"385";0;0;0;5;5;5;5;5;5;5;5;5;5;5
"386";0;0;0;0;0;0;0;0;0;0;0;0;0;0
"387";0;0;0;0;4;4;4;4;4;4;4;4;4;4
"388";0;0;0;0;4;4;4;4;4;4;4;4;4;4
"389";0;0;0;0;0;0;0;0;0;0;0;0;0;1
"390";0;0;0;0;0;0;0;0;0;0;0;0;0;0
"391";0;0;0;0;0;0;0;0;0;0;0;0;0;0
"392";0;0;0;0;0;0;0;0;0;0;0;0;2;2
"393";0;0;0;0;0;0;0;0;0;0;0;0;0;1
"394";0;0;0;0;4;4;4;4;4;4;4;4;4;4
"395";0;0;0;0;0;0;0;0;0;0;0;0;0;1
"396";0;0;0;0;0;0;0;0;0;0;0;0;0;0
"397";0;0;0;0;0;0;0;0;0;0;0;0;0;0
"398";0;0;0;0;0;0;0;0;0;0;0;0;0;1
"399";0;0;0;0;0;0;0;0;0;0;0;0;0;1
"400";0;0;0;0;0;0;0;0;0;3;3;3;3;3
"401";0;0;0;0;0;0;0;0;0;0;0;0;0;1
