*id_10160114601274160;0;0;0;2;0
*id_1799888017265500416;1;2;0;0;0
*phase_Fin;1;2;4;2;1
*platform_Facebook;5;2;20;11;61
*id_1800201778392432896;0;1;0;0;0
*phase_Pic;24;57;36;16;0
*id_1800254127433286144;1;0;0;0;0
*id_1800892010691211520;1;0;0;0;0
*id_t1_j75iaso;0;3;0;0;0
*id_t1_j73yx9e;1;0;0;0;0
*id_1800338076100923392;0;1;0;0;0
*id_t1_j70tjxp;0;2;0;0;0
*phase_Début;31;63;38;13;0
*id_6148531251881822;0;0;2;0;0
*id_1651553642514886656;0;0;1;0;0
*id_811595517678757;0;0;0;0;6
*id_t1_j746qb1;0;2;0;0;0
*id_t1_j7dz7y7;0;1;0;0;0
*id_t1_j71q9i6;1;1;0;0;0
*id_1800311326973350144;1;0;0;1;0
*id_1800571788298195456;0;2;0;0;0
du;202;191;117;72;63
*id_866680028656064;0;0;0;0;2
*id_1800353151070929408;0;0;0;0;0
*id_t1_j713qfp;0;2;0;0;0
*id_t1_j75npdi;0;2;0;0;0
fait;202;191;117;72;63
*id_878401554150578;0;0;0;0;2
*id_t1_j713af8;0;2;0;0;0
*id_1800445186880803328;0;0;0;0;0
*id_1800554268950413312;0;0;0;0;0
*phase_Après;146;69;39;41;62
*id_1800446166871523584;4;0;0;1;0
*id_t3_10scu1l;0;1;1;0;0
*platform_Twitter;135;35;17;42;1
*id_765222945644684;0;0;0;0;2
*id_678379907782506;0;0;0;0;2
*id_t1_ktbaq5z;0;2;0;0;0
*id_1800675602619592960;0;1;0;1;0
*id_t1_j789d6l;0;2;0;0;0
*id_t1_kt8kabn;0;2;0;0;0
*id_1800001363868270592;2;0;0;1;0
*id_782939367350354;0;0;0;0;2
*id_801706851997523;0;0;0;0;2
*id_t1_j734wpx;1;0;2;0;0
*id_t1_j70vg1m;0;1;1;0;0
*id_t1_j75zg3c;0;1;0;1;0
*id_1800304961391304960;0;0;0;0;0
*id_t1_j71q19g;0;2;0;0;0
*id_609200551245622;0;0;0;3;0
*id_t1_j7biwhi;0;3;0;1;0
*id_t1_ktb8liy;1;1;0;0;0
*id_t1_j721rcy;2;0;0;0;0
*id_t1_j72doqq;0;0;0;0;0
*id_1800629895690641408;2;0;0;0;0
*id_671368948527826;0;0;0;0;2
*id_t1_j72lkpp;1;0;0;2;0
*id_t1_j74dwk5;1;1;0;0;0
*id_t1_j76o9ui;1;1;0;0;0
*platform_Reddit;62;154;81;19;1
*id_6336052586407540;0;0;2;0;0
*id_t1_ktb9jzp;0;2;0;0;0
*id_t1_j70w1n1;1;0;6;0;0
*id_771143475196610;0;0;0;0;2
*id_1800626178753171968;3;0;0;2;0
*id_1800898652510281984;2;0;0;1;0
*id_t1_j70wp8j;1;0;2;0;0
*id_1800299635527106816;0;0;0;0;0
débunkage;146;69;39;41;62
*id_10159747517141408;0;0;0;0;0
*id_1800435788842430720;0;0;0;0;0
*id_1792100320320815360;0;1;0;0;0
*id_t1_j79yyxf;0;2;0;0;0
*id_1800179200282030336;1;0;0;0;0
*id_t1_ktc6llp;0;0;2;0;0
*id_t1_j75fp0k;1;2;0;0;0
*id_t1_j72ua41;0;1;0;1;0
*id_t1_j72af4k;2;0;0;0;0
*id_1800768995680985344;0;1;0;0;0
*id_1800181501608542720;0;0;1;2;0
*id_t1_kt80sn1;0;2;0;0;0
*id_t1_j75ormi;3;2;4;1;0
*id_t1_j71ph0d;1;3;0;0;0
*id_10168202689905712;0;0;3;0;0
*id_t1_ktc7osf;0;0;2;0;0
*id_t1_j7c0gai;0;2;2;0;0
*id_775904867898898;0;0;0;0;2
*id_1799430952143278336;1;0;0;1;0
*id_t1_j72ycru;1;0;1;0;0
*id_t1_kt9rfbi;0;1;7;0;0
*id_10161139794274300;0;0;2;0;0
*id_t1_j7a4d9w;1;2;0;0;0
*id_1800644163072880896;0;1;0;3;0
*id_t1_j72d0l0;0;2;0;0;0
*id_t1_j785sb0;1;1;0;0;0
*id_t1_j746a6c;0;0;1;0;0
*id_1800613370430644480;2;0;1;0;0
*id_t1_j73qhk4;1;1;0;0;0
*id_774439091393513;0;0;0;0;2
*id_1800299144474775552;1;0;0;0;0
*id_1794985051072905216;1;0;0;0;0
*id_1800835266745430528;1;0;0;0;0
*id_t1_j75bloo;1;3;1;0;0
*id_10160886137242444;0;0;0;0;0
*id_t1_ktb94nw;0;2;0;0;0
*id_t1_j70q5wz;0;3;0;0;0
*id_t1_kt7wxfr;0;0;2;0;0
*id_787930600044362;0;0;0;0;2
*id_t1_j77doko;1;1;0;0;0
*id_1800326301733339648;0;0;0;2;0
*id_t1_j75m7l4;1;0;4;0;0
*id_1800888038970835200;1;0;0;0;0
*id_t1_kt68m5f;1;1;0;0;0
*id_1799930858843086848;0;0;0;0;0
*id_1800633014663193088;2;0;0;0;0
*id_769236291894499;0;0;0;0;2